<?xml version="1.0" encoding="UTF-8"?>
<!-- Foundation -->
<window id="107">
    <controls>
        <control type="group">
            <include>Dialog_Notification_Group</include>
            <animation effect="slide" end="0,100" tween="cubic" time="300" condition="Window.IsActive(DialogVolumeBar.xml) + !Player.Muted">Conditional</animation>
            <include>Animation_Notification_Follow</include>
            <control type="group">
                <control type="image" id="400">
                    <include>Dialog_Notification_Icon</include>
                    <aspectratio>keep</aspectratio>
                    <texture colordiffuse="panel_fg_100">kaitoast/info.png</texture>
                </control>
                <control type="label" id="401">
                    <include>Dialog_Notification_MainLabel</include>
                </control>
                <control type="label" id="402">
                    <textcolor>$VAR[ColorHighlight]</textcolor>
                    <include>Dialog_Notification_SubLabel</include>
                </control>
            </control>
        </control>
    </controls>
</window>
