<?xml version="1.0" encoding="UTF-8"?>
<window type="dialog">
    <onload condition="Library.IsScanningVideo + Skin.HasSetting(UpdateArt.Enabled)">SetProperty(UpdateArt,1)</onload>
    <onunload condition="!String.IsEmpty(Window.Property(UpdateArt)) + Skin.HasSetting(UpdateArt.Enabled)">XBMC.RunScript(script.artwork.downloader,mode=custom,silent=true,landscape,clearlogo,clearart)</onunload>
    <onunload condition="!String.IsEmpty(Window.Property(UpdateArt)) + Skin.HasSetting(UpdateArt.Enabled)">ClearProperty(UpdateArt)</onunload>
    <controls>
        <control type="group">
            <include>Dialog_Notification_Group</include>
            <visible>!Window.IsActive(DialogNotification.xml)</visible>
            <visible>!Window.IsVisible(fullscreenvideo)</visible>
            <visible>!Window.IsVisible(visualisation)</visible>
            <animation effect="slide" end="0,100" tween="cubic" time="300" condition="Window.IsActive(DialogVolumeBar.xml) + !Player.Muted">Conditional</animation>
            <include>Animation_Notification_Follow</include>
            <control type="group">
                <control type="group">
                    <include>Dialog_Notification_Icon</include>
                    <control type="image" description="Back">
                        <centerleft>50%</centerleft>
                        <centertop>50%</centertop>
                        <width>100</width>
                        <height>100</height>
                        <aspectratio align="center" aligny="center">keep</aspectratio>
                        <texture>dialog/loading-back-busy.png</texture>
                        <colordiffuse>panel_fg_100</colordiffuse>
                        <animation effect="fade" start="0" end="100" time="150">VisibleChange</animation>
                    </control>
                    <control type="image">
                        <centerleft>50%</centerleft>
                        <centertop>50%</centertop>
                        <width>100</width>
                        <height>100</height>
                        <texture>$INFO[Control.GetLabel(32),dialog/progress/p,.png]</texture>
                        <aspectratio align="center">keep</aspectratio>
                    </control>
                </control>

                <control type="label" id="30">
                    <include>Dialog_Notification_MainLabel</include>
                </control>
                <control type="label" id="31">
                    <include>Dialog_Notification_SubLabel</include>
                </control>
            </control>
        </control>
        <control type="progress" id="32">
            <texturebg>-</texturebg>
            <lefttexture>-</lefttexture>
            <midtexture>-</midtexture>
            <righttexture>-</righttexture>
            <info>Player.Progress</info>
            <animation effect="fade" start="0" end="0" condition="true">Conditional</animation>
        </control>
    </controls>
</window>
