<?xml version="1.0" encoding="UTF-8"?>
<!-- Foundation -->
<window id="125">
    <defaultcontrol always="true">2</defaultcontrol>


    <controls>
        <include>Global_Overlay</include>
        <control type="group">
            <include content="Dialog_Standard_Group">
                <param name="width" value="1120" />
                <param name="height" value="840" />
            </include>
            <control type="label">
                <description>Header Label</description>
                <label>$LOCALIZE[298]</label>
                <include>Dialog_Standard_Header</include>
            </control>

            <control type="panel" id="11">
                <centerleft>50%</centerleft>
                <top>90</top>
                <width>1080</width>
                <height>600</height>
                <onleft>2</onleft>
                <onright>3</onright>
                <ondown>2</ondown>
                <onup>2</onup>
                <scrolltime>200</scrolltime>
                <viewtype label="536">icon</viewtype>
                <pagecontrol>-</pagecontrol>
                <orientation>horizontal</orientation>

                <itemlayout height="300" width="360">

                    <control type="image">
                        <left>10</left>
                        <right>10</right>
                        <top>10</top>
                        <bottom>60</bottom>
                        <texture border="5" colordiffuse="dialog_fg_12">common/box.png</texture>
                    </control>

                    <control type="image">
                        <left>20</left>
                        <right>20</right>
                        <top>20</top>
                        <bottom>70</bottom>
                        <aspectratio>scale</aspectratio>
                        <info>ListItem.Icon</info>
                    </control>

                    <control type="label">
                        <centerleft>50%</centerleft>
                        <top>255</top>
                        <width>330</width>
                        <height>23</height>
                        <align>center</align>
                        <font>font_tiny</font>
                        <label>$INFO[ListItem.Label]$INFO[ListItem.Label2, ,]</label>
                    </control>

                </itemlayout>

                <focusedlayout height="300" width="360">

                    <control type="image">
                        <left>10</left>
                        <right>10</right>
                        <top>10</top>
                        <bottom>60</bottom>
                        <texture border="5" colordiffuse="$VAR[ColorHighlight]">common/box.png</texture>
                    </control>

                    <control type="image">
                        <left>20</left>
                        <right>20</right>
                        <top>20</top>
                        <bottom>70</bottom>
                        <aspectratio>scale</aspectratio>
                        <info>ListItem.Icon</info>
                    </control>

                    <control type="label">
                        <centerleft>50%</centerleft>
                        <top>255</top>
                        <width>330</width>
                        <height>23</height>
                        <align>center</align>
                        <font>font_tiny</font>
                        <label>$INFO[ListItem.Label]$INFO[ListItem.Label2, ,]</label>
                    </control>

                </focusedlayout>

            </control>

            <control type="grouplist" id="9000">
                <centerleft>50%</centerleft>
                <bottom>30</bottom>
                <width>1080</width>
                <height>70</height>
                <itemgap>30</itemgap>
                <align>center</align>
                <orientation>horizontal</orientation>
                <onleft>9000</onleft>
                <onright>9000</onright>
                <onup>11</onup>
                <ondown>11</ondown>

                <control type="button" id="2">
                    <description>Create Bookmark button</description>
                    <label>294</label>
                    <width>330</width>
                    <texturefocus colordiffuse="$VAR[ColorHighlight]" border="5">common/box.png</texturefocus>
                    <texturenofocus colordiffuse="dialog_fg_12" border="5">common/box.png</texturenofocus>
                    <include>Dialog_Standard_Right_Buttons</include>
                </control>

                <control type="button" id="3">
                    <description>Clear Bookmark button</description>
                    <label>296</label>
                    <width>330</width>
                    <texturefocus colordiffuse="$VAR[ColorHighlight]" border="5">common/box.png</texturefocus>
                    <texturenofocus colordiffuse="dialog_fg_12" border="5">common/box.png</texturenofocus>
                    <include>Dialog_Standard_Right_Buttons</include>
                </control>

                <control type="button" id="4">
                    <description>Clear Bookmark button</description>
                    <label>20406</label>
                    <width>330</width>
                    <texturefocus colordiffuse="$VAR[ColorHighlight]" border="5">common/box.png</texturefocus>
                    <texturenofocus colordiffuse="dialog_fg_12" border="5">common/box.png</texturenofocus>
                    <include>Dialog_Standard_Right_Buttons</include>
                    <visible>videoplayer.content(episodes)</visible>
                </control>

            </control>

        </control>

    </controls>

</window>
